"ProductId","Image Url","Video Url","Product Desc","Origin Price","Discount Price","Discount","Currency","Commission Rate","Commission","Sales180Day","Positive Feedback","Promotion Url"
"1005004384119257","https://ae04.alicdn.com/kf/S01aca49949664139bd012943a2a7b0c80.jpg",,"Jada 1/64 Scale Diecast Model Car Laken Plymouth Alloy Play Vehicle Adult Collection Display Gifts for Children Simulation Toys","USD 21.71","USD 17.15","21%","USD","8.0","USD 1.37","0","null%","https://s.click.aliexpress.com/e/_DcZBzbh"
"1005004661968976","https://ae04.alicdn.com/kf/S08540ae0d5f642c7b624c0882d01fc7ba.jpg",,"RC Tank Water Bomb Car Toy 2.4GHz Remote Control Gesture Sensor Tank Toy Model Play Vehicle Christmas Gift for Kids Boys QX2D","USD 54.15","USD 41.15","24%","USD","7","USD 2.88","0","null%","https://s.click.aliexpress.com/e/_DkqgloT"
"1005004211775178","https://ae04.alicdn.com/kf/S89052bb6ea42489dad7aea2cf8c4c67f7.jpg",,"Aviation Model Handle Pull The Plane Outdoor Toys For Children Play Helicopter","USD 2.76","USD 2.04","26%","USD","7","USD 0.14","0","null%","https://s.click.aliexpress.com/e/_DeDXqFz"
"1005004539623766","https://ae04.alicdn.com/kf/S4bd9f2f4a60a44c7a1d710f8b401a4b91.jpg",,"1:28 High Quality Retro Alloy Classic Car Play Vehicles & Models Collection Simulation Kids Children Toys Car Boys Xmas Gift","USD 46.32","USD 14.82","68%","USD","8.0","USD 1.19","1","null%","https://s.click.aliexpress.com/e/_DlMMewj"
"1005004594628062","https://ae04.alicdn.com/kf/Sb592ade40ed1460291feee9ae2c289ebW.jpg",,"Batman The Dark Knight Motorcycle Model Catwoman 1:64 Simulation Resin Play Vehicle Adult Collection Display Gifts Toys","USD 41.00","USD 32.80","20%","USD","7","USD 2.30","2","null%","https://s.click.aliexpress.com/e/_DBpNwSF"
"1005004154574691","https://ae04.alicdn.com/kf/Sa0946568a7ff4b5aa753f1ac2f54bb57f.jpg",,"MotoGP Diecast 1/12 Scale Repsol Honda RC213V Márquez 93 Motorcycle Racing Model Car Simulation Alloy Play Vehicle Collection","USD 49.02","USD 38.73","21%","USD","7","USD 2.71","1","null%","https://s.click.aliexpress.com/e/_Dn59RKX"
"4000390618933","https://ae04.alicdn.com/kf/Hd416ecae438f43ff9f79cc948f7cd325g.jpg",,"All Farm Tractor Set Great Play Collection Toy,Diecast Metal Vehicle Car Model with Plastic Part,Crop Cutter Sprayer Power Plant","USD 2.20","USD 1.58","28%","USD","7","USD 0.11","10","80.0%","https://s.click.aliexpress.com/e/_DDKZbmf"
"1005004155172398","https://ae04.alicdn.com/kf/S6a58c942c45c4462b336e797363d9de8u.jpg",,"1958 Ford Classic Car Model Diecast 1/32 Sacle Simulation Alloy Play Vehicle Adult Collection Display Gifts for Children","USD 34.95","USD 27.61","21%","USD","7","USD 1.93","0","null%","https://s.click.aliexpress.com/e/_DdXK0H1"
"1005004574095399","https://ae04.alicdn.com/kf/S46d6b6af167e4f3d8746ec8c46e3dddcS.jpg",,"1:36 Multi-style Car Model Off-Road Diecast Play Vehicles & Models Collection Ornament Alloy Car Toys for Children Boy Xmas Gift","USD 30.09","USD 11.13","63%","USD","7","USD 0.78","0","null%","https://s.click.aliexpress.com/e/_Dm6hdpl"
"1005004256169769","https://ae04.alicdn.com/kf/S00713b37c51a42cbba878253f26e3cd0H.jpg",,"PB Playful Bag Manual 3D three-dimensional metal assembly puzzle Off-road vehicle Children's toys gifts Creative DIY model UG228","USD 15.00","USD 11.40","24%","USD","7","USD 0.80","0","null%","https://s.click.aliexpress.com/e/_DecDOsr"
"1005002238577323","https://ae04.alicdn.com/kf/Hcbec47f8d7034734b6ce6f397cd7fceam.jpg",,"Tank Model Pint-sized Pull Back 1: 64 Kids Educational Toy for Living Room Play  Educational Toy","USD 0.71","USD 0.50","30%","USD","8.0","USD 0.04","6","100.0%","https://s.click.aliexpress.com/e/_DCeGlef"
"1005004552470878","https://ae04.alicdn.com/kf/S146f338438664ca2b3437a6e5949c70ba.jpg","http://cloud.video.taobao.com/play/u/2675628091/p/1/e/6/t/1/1100069199637.mp4","4pcs Bus Kids Toys Mini Pull Back Car Korean Anime Model Bus Toy Play Vehicles Educational Toys For Children Boys Gifts","USD 1.20","USD 0.65","46%","USD","7","USD 0.05","0","null%","https://s.click.aliexpress.com/e/_DE2FQNp"
"4001244024982","https://ae04.alicdn.com/kf/H29e94875df1540e194030a8c2824be3fQ.jpg","http://cloud.video.taobao.com/play/u/2675628091/p/1/e/6/t/1/272055797305.mp4","HUINA Alloy Diecast Excavator 1:50 Engineering Construction Model Bulldozer Metal Truck for Boys Birthday Gift Toy Cars","USD 17.90","USD 12.71","29%","USD","7","USD 0.89","12","60.0%","https://s.click.aliexpress.com/e/_DFYF1pl"
"1005004654967859","https://ae04.alicdn.com/kf/S63dc98c97f784f09a788a0ab9e4ec7a2n.jpg",,"Children's Mixer Truck Car Toy Model Cement Mixer Truck Big Construction Power Vehicle Toy For Kids Pretend Play Birthday Gifts","USD 21.19","USD 7.42","65%","USD","7","USD 0.52","0","null%","https://s.click.aliexpress.com/e/_DkN1hjh"
"1005004432912033","https://ae04.alicdn.com/kf/S00c9967bc1174c0992bc6428356ad9ea1.jpg","http://cloud.video.taobao.com/play/u/2675628091/p/1/e/6/t/1/1100009928109.mp4","2PCS Car Interior Decoration USB LED Mini Lights Portable Plug Play Auto Lamp Party Ambient Modeling Led Lights for Vehicles","USD 5.93","USD 4.15","30%","USD","8.0","USD 0.33","0","null%","https://s.click.aliexpress.com/e/_Dlj14X9"
"1005003763516363","https://ae04.alicdn.com/kf/Sdf197282cb7e4c5fae0f55995503d11bw.jpg","http://cloud.video.taobao.com/play/u/2675628091/p/1/e/6/t/1/344530023075.mp4","Science electric taxi airplane DIY toy teaching toy enlightenment toy airplane model Play Vehicles & Models  Wood","USD 7.47","USD 6.87","8%","USD","8.0","USD 0.55","0","null%","https://s.click.aliexpress.com/e/_DDQCBUT"
"1005003230665363","https://ae04.alicdn.com/kf/H556efc1253934a8793b0dee5f855a408Z.jpg",,"1/38 Scale Diecast Pull Back Vehicle Mini Truck Model Pretend Play Party Favors Gifts Xmas Present Desktop Decoration","USD 5.06","USD 2.88","43%","USD","7","USD 0.20","0","null%","https://s.click.aliexpress.com/e/_DeanQ3N"
"1005004111549519","https://ae04.alicdn.com/kf/S7c09cb56a8c943b9ab14b5e6c61ee976d.jpg",,"Takara Car Tomica Premium Black Box 33 Ferrari FXX K Model Car Simulation Alloy Play Vehicle Adult Display Gifts for Children","USD 21.74","USD 17.17","21%","USD","7","USD 1.20","1","100.0%","https://s.click.aliexpress.com/e/_DFdhRoj"
"1005003921639585","https://ae04.alicdn.com/kf/S33e15faa9ee34c43a0e72423670570e3r.jpg",,"Toy Soldier Set ""Best Soldier"", Play Smart game figures toys and games hobby hobbies Toy Vehicles Building Sets Arts, Crafts & Sewing Figure Model Kits Play Figure Playsets for entertaiment and development","USD 7.41","USD 7.41","0%","USD","7","USD 0.52","0","null%","https://s.click.aliexpress.com/e/_Dmvlm3z"
"1005003349642297","https://ae04.alicdn.com/kf/Hbf3ec7c9deea4862ab0ef3172d8a8267q.jpg",,"1/64 Sakura Avenue Scene Alloy Car Model Photo Display Collection And Play Garage Props","USD 28.20","USD 27.07","4%","USD","7","USD 1.89","5","100.0%","https://s.click.aliexpress.com/e/_Deoswfl"
"1005003585149295","https://ae04.alicdn.com/kf/Ha0789b5b1b574213bf9bb699ce6a38b3I.jpg",,"Vehicle Creative Alloy Simulate Police Car Model Kids Toy for Interactive Play  Car Model  Police Car Model","USD 3.70","USD 0.59","84%","USD","8.0","USD 0.05","0","null%","https://s.click.aliexpress.com/e/_DCLAAB9"
"1005003068494325","https://ae04.alicdn.com/kf/S9db0857fbf3e4fecbc6b7b764e3399c75.jpg","http://cloud.video.taobao.com/play/u/2675628091/p/1/e/6/t/1/349745588588.mp4","Big Durable Beach Toy Car Engineering Vehicles Truck Excavator Bulldozer Dumpers Model Classic Play House Toys Kids Boy Gift","USD 35.02","USD 28.02","20%","USD","7","USD 1.96","7","100.0%","https://s.click.aliexpress.com/e/_Dmqj83V"
"1005004039249617","https://ae04.alicdn.com/kf/S894e46aaeb964af3a5f454d3cc0c9d5d6.jpg",,"1pc 5pc Remote Control Switch Board CH3 one to eight Light Control Module for the Model RC Car Light Lamp Plug and Play","USD 17.79","USD 11.92","33%","USD","7","USD 0.83","0","null%","https://s.click.aliexpress.com/e/_DmhSZGL"
"1005001825138584","https://ae04.alicdn.com/kf/H18721939180642988a5532c253bc9c73R.jpg","http://cloud.video.taobao.com/play/u/2675628091/p/1/e/6/t/1/272656903719.mp4","HUINA 1:50 Truck Toy Diecast Model Alloy Vehicle Car Die-Cast Excavator Bulldozer Wheel Loader Excavator Kids toy Christmas Gift","USD 24.87","USD 17.66","29%","USD","7","USD 1.24","7","100.0%","https://s.click.aliexpress.com/e/_DddnFp5"
"1005004428644774","https://ae04.alicdn.com/kf/Scb30de1971ca4c198247b190f1fb3e73k.jpg","http://cloud.video.taobao.com/play/u/2675628091/p/1/e/6/t/1/1100052843541.mp4","Diecast 1/64 Scale  2020 Ford Explorer Police Car Model Simulation Alloy Play Vehicle Adult Collection Display Gift for Children","USD 26.69","USD 21.09","21%","USD","7","USD 1.48","0","null%","https://s.click.aliexpress.com/e/_DClVhZz"
"32842845962","https://ae04.alicdn.com/kf/HTB1lZnhANuTBuNkHFNRq6A9qpXaA.jpg",,"Kids Toys 6pcs/Set 1/50 Scale Scene Accessories Colorful Set#1 Male Construction Figures for Engineering Vehicle","USD 22.40","USD 16.58","26%","USD","7","USD 1.16","1","100.0%","https://s.click.aliexpress.com/e/_DeEvcxV"
"32983242222","https://ae04.alicdn.com/kf/HTB1qZXdKQvoK1RjSZFwq6AiCFXaH.jpg",,"1/32 trailer with small car vehicles construction alloy simulation flatbed truck model kids play vehicles","USD 13.99","USD 13.99","0%","USD","7","USD 0.98","0","0.0%","https://s.click.aliexpress.com/e/_DCNvKhZ"
"1005004459606727","https://ae04.alicdn.com/kf/S6aa27bca1e0b4e82838bb3cc6f8b89e6t.jpg",,"Diecast 1/64 Scale Porsche 911 GT2 RS Model Car Simulation Alloy Play Vehicle Adult Collection Display Gifts for Children","USD 30.12","USD 23.79","21%","USD","7","USD 1.67","1","null%","https://s.click.aliexpress.com/e/_DD3p7qn"
"1005003332323957","https://ae04.alicdn.com/kf/Sae4ca09939334e518a041208f6a54323E.jpg",,"RC Brushed Motor ESC Waterproof Controller Easy Assemble 60A for RC Play Vehicle 540/550 Motor 1:10 Model Rock Crawler","USD 14.74","USD 11.79","20%","USD","7","USD 0.83","1","null%","https://s.click.aliexpress.com/e/_DEZpmEF"
"1005004407982865","https://ae04.alicdn.com/kf/S5c07c7140a7d4c2494b2e661a4e1cc30I.jpg",,"4pcs/set Bus Kids Toys Mini Pull Back Car Anime Model Bus Toy Play Vehicles Educational Toys For Children Boys Christmas Gifts","USD 0.99","USD 0.58","41%","USD","7","USD 0.04","0","null%","https://s.click.aliexpress.com/e/_DcfJTWR"
"1005003692428923","https://ae04.alicdn.com/kf/H700cbb6344a54b05b868a5f2c26c1f14G.jpg",,"3D paper EPS puzzle building model toy 8pcs mini car series vintage truck bus racing vehicle baby play house hand work gift 1set","USD 16.98","USD 14.43","15%","USD","7","USD 1.01","0","null%","https://s.click.aliexpress.com/e/_DEsxVaP"
"1005002138939539","https://ae04.alicdn.com/kf/H7c64a08795f94888a977e2dc8945b969Q.jpg",,"Tank Model Pint-sized Pull Back 1: 64 Kids Educational Toy for Living Room Play Children's Birthday Gift for Boy","USD 0.75","USD 0.57","24%","USD","7","USD 0.04","12","100.0%","https://s.click.aliexpress.com/e/_DkiM4Gf"
"1005004247666496","https://ae04.alicdn.com/kf/S747eda9526d34ffd9816af1c89b8fa3fc.jpg",,"325 Pieces Superhero Series Bat Chariot Clown Doll Compatible The Tumbler Play Vehicles Designer Model Suit New","USD 35.14","USD 14.06","60%","USD","7","USD 0.98","0","null%","https://s.click.aliexpress.com/e/_DE1WZ6X"
"1005003279890961","https://ae04.alicdn.com/kf/Hda8bc4bfe54d4c3592f4ad2d021df5eb2.jpg",,"Ambulance Waggon Car Truck Pull Back Model with LED Sound Kids Toy Metal Model Construction Vehicle Toys For Gift Car Collection","USD 20.62","USD 12.99","37%","USD","7","USD 0.91","0","0.0%","https://s.click.aliexpress.com/e/_DkGWR07"
"1005003299208455","https://ae04.alicdn.com/kf/Hbe16c454084842cd9ddc265b1d85e8f1J.jpg",,"Cada 3935PCS HUMVEE Authorized Bricks Car Model 1/8 Big Off-Road Raido Control Vehicle High Tech Assembled Building Blocks Toys","USD 398.22","USD 203.09","49%","USD","8.0","USD 16.25","1","0.0%","https://s.click.aliexpress.com/e/_DCRJfvH"
"1005003742870193","https://ae04.alicdn.com/kf/Seb271af85c5249b9af00a642f84362ee8.jpg",,"Kids Dinosaur Truck Carrier Dinosaur Toys Vehicles Toy for Kids 3+ Girl Xmas Gifts","USD 2.30","USD 1.43","38%","USD","7","USD 0.10","0","null%","https://s.click.aliexpress.com/e/_DCavoZh"
"1005004166155317","https://ae04.alicdn.com/kf/Sa8d1c83596d74d579772aac23286e3668.jpg",,"Diecast 1/43 Scale Audi A4 Quattro ABT STW 99 Alloy Model Car Simulation Play Vehicle Adult Collection Display Gifts for Boys","USD 14.50","USD 11.45","21%","USD","7","USD 0.80","1","null%","https://s.click.aliexpress.com/e/_DFlnT2r"
"1005004407216906","https://ae04.alicdn.com/kf/S2551cd9c5b2b4fda81e2b2ddfc1e03079.jpg","http://cloud.video.taobao.com/play/u/2675628091/p/1/e/6/t/1/1100049885871.mp4","Transport Cargo Airplane Car Toys Set Airplane Large Vehicle Car Airline Model Aircraft Toys with Play Mat Music Light Effects","USD 25.66","USD 20.53","20%","USD","8.0","USD 1.64","0","null%","https://s.click.aliexpress.com/e/_Dlw2vkx"
"1005004719879279","https://ae04.alicdn.com/kf/S36806cb85db2473a81cb634f3aae981ab.jpg","http://cloud.video.taobao.com/play/u/2675628091/p/1/e/6/t/1/1100086081535.mp4","Collection Diecast Model Car Miniature Metal Car Toys For Boys Pagani Huayra Dinastia 1/24 Scale Sound＆light Kids Play Vehicles","USD 32.97","USD 19.12","42%","USD","7","USD 1.34","0","null%","https://s.click.aliexpress.com/e/_DmRyiJl"
"1005004572957484","https://ae04.alicdn.com/kf/Sd3a6bd8fa322435e94beafdb9033ab8aJ.jpg",,"1:32 Classic Car Diecasts Play Vehicles & Models Kids Alloy Pull Back Car Educational Toys for Children Boys Birthday Xmas Gift","USD 28.20","USD 10.43","63%","USD","7","USD 0.73","0","null%","https://s.click.aliexpress.com/e/_Dd3Z44B"
"1005003741042565","https://ae04.alicdn.com/kf/Se4918d5560bc479a8bacf67b4e6144847.jpg",,"Aluminum Alloy Bus Toys 1/32 Scale Classic Car Model Mini Diecast Vehicle Toy With Flexible Wheels Easy To Play Simulation","USD 6.89","USD 4.82","30%","USD","7","USD 0.34","0","null%","https://s.click.aliexpress.com/e/_DBORB6X"
"4000833103270","https://ae04.alicdn.com/kf/Haf6daea379394447b9c15d73d80ee4c4e.jpg",,"1:32 Scale Diecast Alloy Sports Car Model Metal Toy Vehicles Miniature Children Play Pull Back Toys For Kid Festival Gift CL5839","USD 12.59","USD 12.59","0%","USD","7","USD 0.88","0","0.0%","https://s.click.aliexpress.com/e/_DCU6RqJ"
"1005003529891159","https://ae04.alicdn.com/kf/Heddfc0fe89e2443e9b99ce004a096316G.jpg",,"4-layer Ramp Track Wooden Car Racing Toy Boys And Girls Perfect Gift","USD 15.06","USD 9.34","38%","USD","7","USD 0.65","0","null%","https://s.click.aliexpress.com/e/_DktWHsj"
"1005003979251292","https://ae04.alicdn.com/kf/S83eb8d879f5a4602bb5854c95e1d536eO.jpg",,"3D paper puzzle building model toy car motor vehicle Aircraft Trailer fire engine truck police SWAT play house bedtime story 1pc","USD 8.98","USD 7.63","15%","USD","7","USD 0.53","0","null%","https://s.click.aliexpress.com/e/_DdpOXYF"
"1005004149864747","https://ae04.alicdn.com/kf/S1ff02b93fe6a43e69bb05b641b53c0a07.jpg",,"Diecast 1/64 Scale Land Rover Defender 110 Model Car Simulation Alloy Play Vehicle Adult Collection Display Gifts for Children","USD 21.51","USD 16.99","21%","USD","8.0","USD 1.36","0","null%","https://s.click.aliexpress.com/e/_DerE14L"
"1005004532121489","https://ae04.alicdn.com/kf/S838bded8c12e49dca5b1f297daf03f9cp.jpg",,"Diecast 1/64 Scale Changan UNI-K Model Car SUV Simulation Alloy Play Vehicle Adult Collection Display Gifts for Children","USD 38.17","USD 30.54","20%","USD","7","USD 2.14","0","null%","https://s.click.aliexpress.com/e/_DmUyYf5"
"1005004217845137","https://ae04.alicdn.com/kf/S67c3e28eb70f4a7c9746ddbba5ba9369G.jpg",,"Resin Car Model 1/18 FIAT 127 Classic Car Model Fiat 127 Sport 70 HP Simulation Play Vehicle Adult Collection Gifts for Boys","USD 284.35","USD 224.64","21%","USD","7","USD 15.72","0","null%","https://s.click.aliexpress.com/e/_DEgai9t"
"1005004467657155","https://ae04.alicdn.com/kf/S00e3e354806a4a21b1360b2b79021bbbh.jpg",,"Remote Control Switch Board CH3 Light Control Module For The Model RC Car Light Lamp Plug And Play","USD 6.53","USD 4.31","34%","USD","7","USD 0.30","0","null%","https://s.click.aliexpress.com/e/_DdAhIAb"
"32994560288","https://ae04.alicdn.com/kf/HTB1Bn0tOgTqK1RjSZPhq6xfOFXaJ.jpg",,"Remote Control Switch Board CH3 Light Control Module For the Model RC Car Light Lamp Plug and Play","USD 5.99","USD 5.33","11%","USD","7","USD 0.37","0","null%","https://s.click.aliexpress.com/e/_DlEsmcB"
"1005004033061228","https://ae04.alicdn.com/kf/S6f893c68fe344a368df011f0da883d24M.jpg",,"Car Toy Accessories Traffic Road Signs Map Kids Play Learn Toy Game Vehicle Model Toy Games For Baby Children Collection Gifts","USD 4.80","USD 2.93","39%","USD","7","USD 0.21","38","97.1%","https://s.click.aliexpress.com/e/_DkPLpu7"
"1005004659387704","https://ae04.alicdn.com/kf/S432e53c0b2754c9b8da6317a6362956c4.jpg","http://cloud.video.taobao.com/play/u/2675628091/p/1/e/6/t/1/1100081878073.mp4","TEMI Big Container Transporter  Playset with Play Mat & 6PCS Mini Engineering Vehicle Car Model Toys For Kids Boys Gifts","USD 55.70","USD 38.43","31%","USD","7","USD 2.69","22","null%","https://s.click.aliexpress.com/e/_DC4zDSP"
"1005003291700657","https://ae04.alicdn.com/kf/H41e9bf66138849ed861c2fd544f51ffbA.jpg","http://cloud.video.taobao.com/play/u/2675628091/p/1/e/6/t/1/345538704916.mp4","H7 Led Headlights H11 H1 Car Light 12V 9005 9006 9012 Bulb Kit H4 Motorcycle Lamp Super Bright Plug and Play Compatible 99% Auto","USD 19.96","USD 9.78","51%","USD","9.0","USD 0.88","3","100.0%","https://s.click.aliexpress.com/e/_DCrDGmL"
"1005004204435358","https://ae04.alicdn.com/kf/Sb715b2fa1897471eae422fdf289576c2L.jpg","http://cloud.video.taobao.com/play/u/2675628091/p/1/e/6/t/1/1100016610757.mp4","Bus Kids Toys Mini Pull Back Car Korean Anime Model Bus Toy Play Vehicles Educational Toys for Children Boys Gifts","USD 5.10","USD 2.55","50%","USD","7","USD 0.18","2","null%","https://s.click.aliexpress.com/e/_DBwD6eT"
"1005002282064002","https://ae04.alicdn.com/kf/Sc2f3dd9efc7d4cd395de1aa096ba8dc8G.jpg","http://cloud.video.taobao.com/play/u/2675628091/p/1/e/6/t/1/328779637266.mp4","Roclub 4WD RC Car 2.4G Radio Remote Control Car 1:24 Double Side RC Stunt Cars 360° Reversal Vehicle Model Toys For Children Boy","USD 24.07","USD 12.03","50%","USD","7","USD 0.84","986","91.9%","https://s.click.aliexpress.com/e/_DmSBQXd"
"4000870829391","https://ae04.alicdn.com/kf/H43a6a09e928848c3a2ea0f9dd617ec69a.jpg","http://cloud.video.taobao.com/play/u/2675628091/p/1/e/6/t/1/259449166687.mp4","Children Rail Car Toys Simulation Parking Lot Car Wash Model with Light Sound Alloy Track Vehicle Birthday Gifts for Children","USD 71.96","USD 39.58","45%","USD","7","USD 2.77","8","100.0%","https://s.click.aliexpress.com/e/_DdvOtAn"
"1005003990243662","https://ae04.alicdn.com/kf/S0e4b89e05e724367954232674d6d0189S.jpg",,"IMG JWB Rement Food Play 1/14 RC Air Conditioner Miniature Model Outdoor Toy","USD 19.10","USD 12.99","32%","USD","7","USD 0.91","18","100.0%","https://s.click.aliexpress.com/e/_DE04wuR"
"1005004517181094","https://ae04.alicdn.com/kf/S953be64ab47042b3a0b4dea8a2b62de7s.jpg",,"Diecast 1/43 Scale Golf 8 Gti Model Car MKI 1 Simulation Alloy Play Vehicle Adult Collection Display Gifts for Kids","USD 50.37","USD 38.78","23%","USD","7","USD 2.71","3","100.0%","https://s.click.aliexpress.com/e/_Dk76Ap1"
"1005003921750363","https://ae04.alicdn.com/kf/Sed7aae4c6a404e8b9aaad976fd4aa19fU.jpg",,"Game set ""Company of soldiers"", BIPLANT game figures toys and games hobby hobbies Toy Vehicles Building Sets Arts, Crafts & Sewing Figure Model Kits Play Figure Playsets for entertaiment and development","USD 10.27","USD 10.27","0%","USD","7","USD 0.72","1","null%","https://s.click.aliexpress.com/e/_DDk0egR"
"1005003169133823","https://ae04.alicdn.com/kf/H54ce090c8cad4fcc87f263aad183de4dH.jpg",,"1 or 5 PCS Remote Control Switch Board CH3 one to eight Light Control Module for the Model RC Car Light Lamp Plug and Play W01","USD 15.00","USD 11.25","25%","USD","7","USD 0.79","0","0.0%","https://s.click.aliexpress.com/e/_DBDjscX"
"1005004376766403","https://ae04.alicdn.com/kf/Scb043a1476f34620a404da5a95106d4du.jpg",,"Car Racing Toy Mini 2 Color Gifts Storage 4-Layer Ramp Track for Car Ramps","USD 16.63","USD 8.81","47%","USD","7","USD 0.62","0","null%","https://s.click.aliexpress.com/e/_DCuMlu3"
"1005003117948797","https://ae04.alicdn.com/kf/He43ed3eefe2b4204bda1ec21813e32e1G.jpg","http://cloud.video.taobao.com/play/u/2675628091/p/1/e/6/t/1/329412983020.mp4","SG1601 1/16 RC Car Brushless Motor 2.4GHz 45Km/h High Speed With LED Lights Remote Control Vehicle Models Outdoor Play Toy","USD 96.90","USD 69.77","28%","USD","7","USD 4.88","1","80.0%","https://s.click.aliexpress.com/e/_DlTl70b"
"1005004391844837","https://ae04.alicdn.com/kf/S47d9653b83f64b01a50024d5997bbde7O.jpg",,"325 Pieces Superhero Series Bat Chariot Clown Doll Compatible The Tumbler Play Vehicles Designer Model Suit New","USD 35.14","USD 14.06","60%","USD","7","USD 0.98","0","null%","https://s.click.aliexpress.com/e/_DFlFrD5"
"1005003713923174","https://ae04.alicdn.com/kf/S0a126bb01a344ba59b830b2385640a6ec.jpg","http://cloud.video.taobao.com/play/u/2675628091/p/1/e/6/t/1/348456145064.mp4","Porsche 911 997 Diecast 1:24 Alloy Model Car Miniature Metal Sportcar Vehicle Birthday Gifts for Children Play Kids Toys Boys","USD 25.90","USD 20.72","20%","USD","7","USD 1.45","72","97.0%","https://s.click.aliexpress.com/e/_DcwUeXl"
"1005004370746683","https://ae04.alicdn.com/kf/Sbb8b93e7f5c84f07bbd8ad0725179aaeN.jpg",,"6pcs/set Children Alloy Toy Car Kits Kirsite ABS Inertial Slide Fire Engine Engineering Vehicle Model Police Race Car Kids Gift","USD 16.13","USD 9.68","40%","USD","15.0","USD 1.45","2","100.0%","https://s.click.aliexpress.com/e/_DCnPpAJ"
"1005004550128773","https://ae04.alicdn.com/kf/S9e554a7198e94f1d962d08f244a9fb31e.jpg","http://cloud.video.taobao.com/play/u/2675628091/p/1/e/6/t/1/1100069002327.mp4","4pcs Bus Kids Toys Mini Pull Back Car Korean Anime Model Bus Toy Play Vehicles Educational Toys For Children Boys Gifts","USD 1.20","USD 0.66","45%","USD","7","USD 0.05","0","null%","https://s.click.aliexpress.com/e/_DkFNuxd"
"1005003069807816","https://ae04.alicdn.com/kf/H7a72958a0c8b45ecbd8376e9ae18c6c3h.jpg","http://cloud.video.taobao.com/play/u/2675628091/p/1/e/6/t/1/336461518817.mp4","Electirc USB Charging LED Hand Throw Flying Glider Planes Foam Aeroplane Kids Toy Play Vehicles Models Railed Motor Cars Gifts","USD 7.68","USD 5.22","32%","USD","7","USD 0.37","7","86.7%","https://s.click.aliexpress.com/e/_DD5FFLD"
"1005004709073432","https://ae04.alicdn.com/kf/S44f4e62600754e9aa04620dd65697e94v.jpg","http://cloud.video.taobao.com/play/u/2675628091/p/1/e/6/t/1/1100085474834.mp4","Metal Children Toys Retrofit Car Toys for Boys Diecast 1/24 Scale Pagani Huayra Dinastia Collection Play Vehicles Models Hobbies","USD 32.97","USD 19.12","42%","USD","8.0","USD 1.53","2","null%","https://s.click.aliexpress.com/e/_DEKHdBt"
"1005003654968850","https://ae04.alicdn.com/kf/H691c6980efe24ff48a103b702e7f0d94n.jpg",,"Car Ramp Racing Toys for Toddler Baby Racing Track Vehicle Games with 4 Racing Cars for Boys & Girls","USD 15.26","USD 9.46","38%","USD","7","USD 0.66","0","null%","https://s.click.aliexpress.com/e/_DF00yhZ"
"4000563430730","https://ae04.alicdn.com/kf/H0b00dba1ef474568babd1e359de91520V.jpg",,"Remote Control Switch Board CH3 Light Control Module for the Model RC Car Light Lamp Plug and Play","USD 2.35","USD 1.93","18%","USD","7","USD 0.14","479","94.2%","https://s.click.aliexpress.com/e/_DkWkINv"
"1005004077929948","https://ae04.alicdn.com/kf/Sdacf4296d8844d93b439bdcf24d7145bc.jpg","http://cloud.video.taobao.com/play/u/2675628091/p/1/e/6/t/1/1100018213586.mp4","Ferrari F1 SF21 Bburago 1:43 2021 Die Cast #16 Charles Leclerc Alloy Luxury Car Car Model Play 1 Alloy Toy Vehicle Collection","USD 19.38","USD 15.50","20%","USD","8.0","USD 1.24","37","100.0%","https://s.click.aliexpress.com/e/_Dl7IgEF"
"1005004220560477","https://ae04.alicdn.com/kf/Sb8b01815511c4eb99a850b0b47171a5eo.jpg",,"2X Remote Control Switch Board CH3 Light Control Module For The Model RC Car Light Lamp Plug And Play","USD 5.82","USD 4.95","15%","USD","7","USD 0.35","32","100.0%","https://s.click.aliexpress.com/e/_Dls1EPH"
"1005004154746602","https://ae04.alicdn.com/kf/Sfa86105d90a3462692540a827cdc62caV.jpg",,"Diecast 1:12 Scale Vespa 946 Model Car Vespa Primavera Motorcycle GTS 300 SUPER Simulation Alloy Play Vehicle Gifts for Boys","USD 47.61","USD 37.61","21%","USD","7","USD 2.63","2","null%","https://s.click.aliexpress.com/e/_DBsn1Bt"
"1005004541903608","https://ae04.alicdn.com/kf/S1e6b3387b9c7494e9231e5cea927698fJ.jpg","http://cloud.video.taobao.com/play/u/2675628091/p/1/e/6/t/1/335229196853.mp4","SILLY CAT 1:32 Metal Model Car For Mercedes Benz C Class W205 2015-2021 Car Model Toy Play Vehicles Car Collection Boy Car Toys","USD 35.54","USD 24.17","32%","USD","12.0","USD 2.90","1","null%","https://s.click.aliexpress.com/e/_DD1KXhz"
"4000614055237","https://ae04.alicdn.com/kf/H3b39f1ee14b640478784f5ac89849292z.jpg",,"Remote Control Switch Board CH3 Light Control Module for the Model RC Car Light Lamp Plug and Play","USD 2.70","USD 1.65","39%","USD","8.0","USD 0.13","71","94.2%","https://s.click.aliexpress.com/e/_DBoUyXH"
"1005004624302052","https://ae04.alicdn.com/kf/S80c13a93f5d74e479840a596027729d66.jpg",,"Construction Truck Toys Friction-Powered Construction Vehicles Pretend Play Beach Trucks For Sand Boys Girld Push And Go Car","USD 2.22","USD 1.55","30%","USD","7","USD 0.11","0","null%","https://s.click.aliexpress.com/e/_DCqoI4B"
"1005004002929231","https://ae04.alicdn.com/kf/S38cc325aa82244c1bcea624b875d0328l.jpg",,"Simulation 1: 32 Mercedes Benz G63 Alloy Car Model Sound Light Pull Back Die-cast Vehicles Play Toys For Kids Collection Gifts","USD 19.97","USD 10.98","45%","USD","7","USD 0.77","13","90.0%","https://s.click.aliexpress.com/e/_DDLwfQr"
"1005004672412449","https://ae04.alicdn.com/kf/Sb7c108aa428f469b8db9430ee16a0274A.jpg",,"1:32 Alloy Car Model  Porsche Taycan Diecast Miniature Metal Sportcar Vehicle Birthday Gifts for Children Play Kids Toys Boys","USD 11.75","USD 7.05","40%","USD","7","USD 0.49","1","null%","https://s.click.aliexpress.com/e/_DF8gLEP"
"1005002672775440","https://ae04.alicdn.com/kf/S0061bd59e63d47a4aa619842f8c19648g.jpg","http://cloud.video.taobao.com/play/u/2675628091/p/1/e/6/t/1/353421955783.mp4","Cartoon TAYO Bus Kids Toys Mini Pull Back Car Korean Anime Model Bus Toy Play Vehicles Educational Toys for Children Boys Gifts","USD 3.00","USD 1.56","48%","USD","11.0","USD 0.17","240","94.6%","https://s.click.aliexpress.com/e/_DFAxBGL"
"4001250663141","https://ae04.alicdn.com/kf/H693448f2ae9442e8ad4bf4873951e4b93.jpg","http://cloud.video.taobao.com/play/u/2675628091/p/1/e/6/t/1/272656903719.mp4","HUINA 1:50 Diecast Model Alloy simulation vehicle Car Die-Cast Dump Truck Bulldozer Wheel Loader Excavator kids toy collectables","USD 17.90","USD 12.71","29%","USD","7","USD 0.89","126","96.1%","https://s.click.aliexpress.com/e/_DdAIcJd"
"1005004330390346","https://ae04.alicdn.com/kf/Sed81b2c375664c84a2d451630cd17aadg.jpg","http://cloud.video.taobao.com/play/u/2675628091/p/1/e/6/t/1/1100072710716.mp4","1:16 Metal Alloy Inertial School Bus Model High Quality Play Vehicles & Models Car Kids Children Toys for Boys Girls Xmas Gift","USD 30.56","USD 11.00","64%","USD","8.0","USD 0.88","7","100.0%","https://s.click.aliexpress.com/e/_DBwlInV"
"1005004494448309","https://ae04.alicdn.com/kf/S3087c8367b134086ba0e17c39dc717d6D.jpg",,"325 Pieces Superhero Series Bat Chariot Clown Doll Compatible The Tumbler Play Vehicles Designer Model Suit New 76153","USD 49.02","USD 19.61","60%","USD","7","USD 1.37","0","null%","https://s.click.aliexpress.com/e/_DlZz2dp"
"1005004398972645","https://ae04.alicdn.com/kf/Sa474986b11d649ada7533f2f6fe8a412W.jpg","http://cloud.video.taobao.com/play/u/2675628091/p/1/e/6/t/1/1100048774012.mp4","Diecast 1/43 Scale WILLYS JEEP Model Car 1994 Simulation Alloy Play Vehicle Adult Collection Display Gifts for Children","USD 21.32","USD 17.06","20%","USD","15.0","USD 2.56","1","100.0%","https://s.click.aliexpress.com/e/_Dexnqz1"
"1005004624287178","https://ae04.alicdn.com/kf/S5225a54c86aa4e06acbc1bd56d75cd8fn.jpg",,"Engineering Vehicle Toys Friction Powered Vehicles Pretend Play Beach Trucks For Sand Boys Girld Push And Go Car Toys Christmas","USD 2.21","USD 0.88","60%","USD","7","USD 0.06","0","null%","https://s.click.aliexpress.com/e/_DEBTZWB"
"1005004101255326","https://ae04.alicdn.com/kf/S4e50ad1919314f07924e28bcccfe27b78.jpg",,"Diecast 1/6 Motorcycle Model SUZUKI RM-Z450 Alloy Off-road Mountain Bike HONDA CRF450R Play Vehicle Collection Display Gifts","USD 54.07","USD 42.72","21%","USD","10.0","USD 4.27","1","null%","https://s.click.aliexpress.com/e/_Dk8yNbD"
"4000105093143","https://ae04.alicdn.com/kf/H3cd53b561e2745449c4581968125961at.jpg","http://cloud.video.taobao.com/play/u/2675628091/p/1/e/6/t/1/233896960618.mp4","Bburago 1:24 2017 Nissan Ares GTR Car Model Pull  Die-cast Vehicles Play Toys Children's Favor Gifts","USD 40.28","USD 29.00","28%","USD","8.0","USD 2.32","6","100.0%","https://s.click.aliexpress.com/e/_DDCVEqb"
"4000828935354","https://ae04.alicdn.com/kf/H1967e5fd9e644d03bf645b8e48d4ba92A.jpg",,"1:32 Alloy Sports Car Toy Model Gold Diecasts Off-Road Simulation Children Play Toys Open The Door Vehicles For Kids Gift CL5836","USD 5.18","USD 5.18","0%","USD","7","USD 0.36","32","80.0%","https://s.click.aliexpress.com/e/_Dk2vMyX"
"1005004277634074","https://ae04.alicdn.com/kf/S122a1c220e4244fc9b137abfc2af58a6K.jpg","http://cloud.video.taobao.com/play/u/2675628091/p/1/e/6/t/1/1100027439003.mp4","Imported Original APM2.8 /PIXHAWK/CUAV PIX dedicated M8N GPS multi-rotor model aircraft high-precision plug-and-play GPS module","USD 37.31","USD 37.31","0%","USD","7","USD 2.61","1","null%","https://s.click.aliexpress.com/e/_DluCm0R"
"1005003002517016","https://ae04.alicdn.com/kf/H1841974a347340ab8118f38b351f93c6l.jpg",,"Remote Control Switch Board CH3 Light Control Module For The Model RC Car Light Lamp Plug And Play","USD 2.78","USD 1.67","40%","USD","7","USD 0.12","6","100.0%","https://s.click.aliexpress.com/e/_Ddb57kL"
"4000255929872","https://ae04.alicdn.com/kf/Hac32caca3d20428eb4424f4ca5fb20a4Q.jpg","http://cloud.video.taobao.com/play/u/2675628091/p/1/e/6/t/1/238529372221.mp4","Huina Model 1:60 Scale Alloy Excavator Dump Truck Wheel Loader Engineering Vehicle Diecast Toy Christmas New Year Gifts","USD 18.60","USD 13.21","29%","USD","7","USD 0.92","53","98.9%","https://s.click.aliexpress.com/e/_DF3wx8T"
"1005004126048264","https://ae04.alicdn.com/kf/Sc057cee0329348b683c7c4cb02dcd042f.jpg",,"Kids R/C Climbing Model Direction Indicator Lamp 14in Wire for WPL D14 D42 RC Minivan Short 4wd Play Vehicle Toy A2UB","USD 2.46","USD 1.72","30%","USD","7","USD 0.12","0","null%","https://s.click.aliexpress.com/e/_DlsVqYJ"
"32913003565","https://ae04.alicdn.com/kf/HLB13.jDSpzqK1RjSZFoq6zfcXXax.jpg",,"All Farm Tractor Set Great Play Collection Toy,Diecast Metal Vehicle Car Model with Plastic Part,Crop Cutter Sprayer Power Plant","USD 1.90","USD 1.79","6%","USD","8.5","USD 0.15","88","90.6%","https://s.click.aliexpress.com/e/_DD6qvbD"
"1005003688477247","https://ae04.alicdn.com/kf/H8798e78a096544e6ad4084ae9a53dda4K.jpg",,"Domino Rally Electric Train Model Toy with Lights Sound Children Gifts Blocks Vehicle Children Play Tools Birthday Gift","USD 0.50","USD 0.25","50%","USD","7","USD 0.02","0","null%","https://s.click.aliexpress.com/e/_DmOpo5D"
"1005004088997700","https://ae04.alicdn.com/kf/S90717a6e11a447aeae20d8906b5a3d23l.jpg",,"Children's Large Trucks Plastic Engineering Car Dump Truck Crane Excavator Model Inertial Vehicle Car Toys Gift for Kids","USD 7.22","USD 4.69","35%","USD","7","USD 0.33","4","100.0%","https://s.click.aliexpress.com/e/_DliYq9t"
"1005004690938980","https://ae04.alicdn.com/kf/S04cc8a7e710d437c870900504b03fd9fW.jpg","http://cloud.video.taobao.com/play/u/2675628091/p/1/e/6/t/1/1100085816045.mp4","1/24 Scale Children Toys Sports Car Lamborghini LPI800-4 Alloy Model Car Sound＆light Miniature Diecast Boys Play Vehicles Models","USD 32.82","USD 18.71","43%","USD","8.0","USD 1.50","3","null%","https://s.click.aliexpress.com/e/_DFH88tZ"
"1005003098535260","https://ae04.alicdn.com/kf/S955a1ed4a3e94684af8e6eb8802946adC.jpg","http://cloud.video.taobao.com/play/u/2675628091/p/1/e/6/t/1/321203730279.mp4","New 1:24 Alloy Model Car Diecast Miniature Ferrari FXX K Supercar Metal Vehicle Pull Back Play Christmas Toy for Children Gifts","USD 25.24","USD 20.19","20%","USD","7","USD 1.41","43","95.0%","https://s.click.aliexpress.com/e/_DdFQfGT"
"4000288999062","https://ae04.alicdn.com/kf/H7fee82df118e4c4e8809cbd8104f511cD.jpg","http://cloud.video.taobao.com/play/u/2675628091/p/1/e/6/t/1/348431830300.mp4","1::50 Wandering Earth alloy car Military transport vehicle transport truck engineering crane car model collection toy","USD 83.31","USD 46.65","44%","USD","7","USD 3.27","8","100.0%","https://s.click.aliexpress.com/e/_DcIZEkn"
